<?xml version='1.0'?>
<Table>
	<Name>SFLIGHT</Name> 
	<IT>PHYSICAL_INDEX</IT>  
	<TF>language_detection auto_replication auto_create_languages use_external_keys auto_merge public auto_optimize_compression </TF>  
	<TFlags>2688013</TFlags>  
	<Descr></Descr> 
	<IsTmpInd>0</IsTmpInd> 
	<MinTPD>-1</MinTPD> 
	<MaxTPD>-1</MaxTPD> 
	<Flags>0</Flags> 
	<MlangLInd></MlangLInd>
	<NeedExtKeyTF>0</NeedExtKeyTF> 
	<SType>1</SType> 
	<PartSpec></PartSpec> 
	<KeyAttrs>
		<Name>MANDT</Name>
		<Name>CARRID</Name>
		<Name>CONNID</Name>
		<Name>FLDATE</Name>
	</KeyAttrs>
	<DefPreAttrs>
 	</DefPreAttrs>
 	<FreeStyleAttrs>
	</FreeStyleAttrs>
	<RangeAttrs>
	</RangeAttrs>
	<AllAttrs>
		<Field>
			<Name>MANDT</Name>
			<SQLType>37</SQLType>
			<ABAPType>32</ABAPType>
			<TrexType>83</TrexType>
			<MdrsType>0</MdrsType>
			<Constr>1</Constr>
			<Offset>48</Offset>
			<Length>3</Length>
			<Scale>0</Scale>
			<OrdPos>0</OrdPos>
			<IdxInGrp>0</IdxInGrp>
			<Collat></Collat>
			<HasDefVal>1</HasDefVal>
			<DefVal>000</DefVal>
			<FieldId>201</FieldId> 
			<AttrType>AttributeType[STRING]</AttrType> 
			<Group></Group>
			<IntDigs>0</IntDigs>
			<FractDigs>0 </FractDigs>
			<IFlags>17</IFlags>
			<IParams></IParams>
			<MinVal></MinVal>
			<MaxVal></MaxVal> 
			<UTFlags>1</UTFlags>
			<UType>1</UType>
		</Field>
		<Field>
			<Name>CARRID</Name>
			<SQLType>37</SQLType>
			<ABAPType>32</ABAPType>
			<TrexType>83</TrexType>
			<MdrsType>0</MdrsType>
			<Constr>1</Constr>
			<Offset>48</Offset>
			<Length>3</Length>
			<Scale>0</Scale>
			<OrdPos>1</OrdPos>
			<IdxInGrp>1</IdxInGrp>
			<Collat></Collat>
			<HasDefVal>1</HasDefVal>
			<DefVal></DefVal>
			<FieldId>202</FieldId> 
			<AttrType>AttributeType[STRING]</AttrType> 
			<Group></Group>
			<IntDigs>0</IntDigs>
			<FractDigs>0 </FractDigs>
			<IFlags>17</IFlags>
			<IParams></IParams>
			<MinVal></MinVal>
			<MaxVal></MaxVal> 
			<UTFlags>1</UTFlags>
			<UType>1</UType>
		</Field>
		<Field>
			<Name>CONNID</Name>
			<SQLType>37</SQLType>
			<ABAPType>32</ABAPType>
			<TrexType>83</TrexType>
			<MdrsType>0</MdrsType>
			<Constr>1</Constr>
			<Offset>48</Offset>
			<Length>4</Length>
			<Scale>0</Scale>
			<OrdPos>2</OrdPos>
			<IdxInGrp>2</IdxInGrp>
			<Collat></Collat>
			<HasDefVal>1</HasDefVal>
			<DefVal>0000</DefVal>
			<FieldId>203</FieldId> 
			<AttrType>AttributeType[STRING]</AttrType> 
			<Group></Group>
			<IntDigs>0</IntDigs>
			<FractDigs>0 </FractDigs>
			<IFlags>17</IFlags>
			<IParams></IParams>
			<MinVal></MinVal>
			<MaxVal></MaxVal> 
			<UTFlags>1</UTFlags>
			<UType>1</UType>
		</Field>
		<Field>
			<Name>FLDATE</Name>
			<SQLType>37</SQLType>
			<ABAPType>32</ABAPType>
			<TrexType>83</TrexType>
			<MdrsType>0</MdrsType>
			<Constr>1</Constr>
			<Offset>48</Offset>
			<Length>8</Length>
			<Scale>0</Scale>
			<OrdPos>3</OrdPos>
			<IdxInGrp>3</IdxInGrp>
			<Collat></Collat>
			<HasDefVal>1</HasDefVal>
			<DefVal>00000000</DefVal>
			<FieldId>204</FieldId> 
			<AttrType>AttributeType[STRING]</AttrType> 
			<Group></Group>
			<IntDigs>0</IntDigs>
			<FractDigs>0 </FractDigs>
			<IFlags>17</IFlags>
			<IParams></IParams>
			<MinVal></MinVal>
			<MaxVal></MaxVal> 
			<UTFlags>1</UTFlags>
			<UType>1</UType>
		</Field>
		<Field>
			<Name>PRICE</Name>
			<SQLType>34</SQLType>
			<ABAPType>32</ABAPType>
			<TrexType>66</TrexType>
			<MdrsType>0</MdrsType>
			<Constr>1</Constr>
			<Offset>1</Offset>
			<Length>15</Length>
			<Scale>2</Scale>
			<OrdPos>4</OrdPos>
			<IdxInGrp>0</IdxInGrp>
			<Collat></Collat>
			<HasDefVal>1</HasDefVal>
			<DefVal>0</DefVal>
			<FieldId>205</FieldId> 
			<AttrType>AttributeType[FIXED]</AttrType> 
			<Group></Group>
			<IntDigs>13</IntDigs>
			<FractDigs>2 </FractDigs>
			<IFlags>1</IFlags>
			<IParams></IParams>
			<MinVal></MinVal>
			<MaxVal></MaxVal> 
			<UTFlags>1</UTFlags>
			<UType>1</UType>
		</Field>
		<Field>
			<Name>CURRENCY</Name>
			<SQLType>37</SQLType>
			<ABAPType>32</ABAPType>
			<TrexType>83</TrexType>
			<MdrsType>0</MdrsType>
			<Constr>1</Constr>
			<Offset>48</Offset>
			<Length>5</Length>
			<Scale>0</Scale>
			<OrdPos>5</OrdPos>
			<IdxInGrp>4</IdxInGrp>
			<Collat></Collat>
			<HasDefVal>1</HasDefVal>
			<DefVal></DefVal>
			<FieldId>206</FieldId> 
			<AttrType>AttributeType[STRING]</AttrType> 
			<Group></Group>
			<IntDigs>0</IntDigs>
			<FractDigs>0 </FractDigs>
			<IFlags>1</IFlags>
			<IParams></IParams>
			<MinVal></MinVal>
			<MaxVal></MaxVal> 
			<UTFlags>1</UTFlags>
			<UType>1</UType>
		</Field>
		<Field>
			<Name>PLANETYPE</Name>
			<SQLType>37</SQLType>
			<ABAPType>32</ABAPType>
			<TrexType>83</TrexType>
			<MdrsType>0</MdrsType>
			<Constr>1</Constr>
			<Offset>48</Offset>
			<Length>10</Length>
			<Scale>0</Scale>
			<OrdPos>6</OrdPos>
			<IdxInGrp>5</IdxInGrp>
			<Collat></Collat>
			<HasDefVal>1</HasDefVal>
			<DefVal></DefVal>
			<FieldId>207</FieldId> 
			<AttrType>AttributeType[STRING]</AttrType> 
			<Group></Group>
			<IntDigs>0</IntDigs>
			<FractDigs>0 </FractDigs>
			<IFlags>1</IFlags>
			<IParams></IParams>
			<MinVal></MinVal>
			<MaxVal></MaxVal> 
			<UTFlags>1</UTFlags>
			<UType>1</UType>
		</Field>
		<Field>
			<Name>SEATSMAX</Name>
			<SQLType>42</SQLType>
			<ABAPType>32</ABAPType>
			<TrexType>73</TrexType>
			<MdrsType>0</MdrsType>
			<Constr>1</Constr>
			<Offset>12</Offset>
			<Length>4</Length>
			<Scale>0</Scale>
			<OrdPos>7</OrdPos>
			<IdxInGrp>0</IdxInGrp>
			<Collat></Collat>
			<HasDefVal>1</HasDefVal>
			<DefVal>0</DefVal>
			<FieldId>208</FieldId> 
			<AttrType>AttributeType[INTEGER]</AttrType> 
			<Group></Group>
			<IntDigs>0</IntDigs>
			<FractDigs>0 </FractDigs>
			<IFlags>1</IFlags>
			<IParams></IParams>
			<MinVal></MinVal>
			<MaxVal></MaxVal> 
			<UTFlags>1</UTFlags>
			<UType>1</UType>
		</Field>
		<Field>
			<Name>SEATSOCC</Name>
			<SQLType>42</SQLType>
			<ABAPType>32</ABAPType>
			<TrexType>73</TrexType>
			<MdrsType>0</MdrsType>
			<Constr>1</Constr>
			<Offset>16</Offset>
			<Length>4</Length>
			<Scale>0</Scale>
			<OrdPos>8</OrdPos>
			<IdxInGrp>0</IdxInGrp>
			<Collat></Collat>
			<HasDefVal>1</HasDefVal>
			<DefVal>0</DefVal>
			<FieldId>209</FieldId> 
			<AttrType>AttributeType[INTEGER]</AttrType> 
			<Group></Group>
			<IntDigs>0</IntDigs>
			<FractDigs>0 </FractDigs>
			<IFlags>1</IFlags>
			<IParams></IParams>
			<MinVal></MinVal>
			<MaxVal></MaxVal> 
			<UTFlags>1</UTFlags>
			<UType>1</UType>
		</Field>
		<Field>
			<Name>PAYMENTSUM</Name>
			<SQLType>34</SQLType>
			<ABAPType>32</ABAPType>
			<TrexType>66</TrexType>
			<MdrsType>0</MdrsType>
			<Constr>1</Constr>
			<Offset>20</Offset>
			<Length>17</Length>
			<Scale>2</Scale>
			<OrdPos>9</OrdPos>
			<IdxInGrp>0</IdxInGrp>
			<Collat></Collat>
			<HasDefVal>1</HasDefVal>
			<DefVal>0</DefVal>
			<FieldId>210</FieldId> 
			<AttrType>AttributeType[FIXED]</AttrType> 
			<Group></Group>
			<IntDigs>15</IntDigs>
			<FractDigs>2 </FractDigs>
			<IFlags>1</IFlags>
			<IParams></IParams>
			<MinVal></MinVal>
			<MaxVal></MaxVal> 
			<UTFlags>1</UTFlags>
			<UType>1</UType>
		</Field>
		<Field>
			<Name>SEATSMAX_B</Name>
			<SQLType>42</SQLType>
			<ABAPType>32</ABAPType>
			<TrexType>73</TrexType>
			<MdrsType>0</MdrsType>
			<Constr>1</Constr>
			<Offset>32</Offset>
			<Length>4</Length>
			<Scale>0</Scale>
			<OrdPos>10</OrdPos>
			<IdxInGrp>0</IdxInGrp>
			<Collat></Collat>
			<HasDefVal>1</HasDefVal>
			<DefVal>0</DefVal>
			<FieldId>211</FieldId> 
			<AttrType>AttributeType[INTEGER]</AttrType> 
			<Group></Group>
			<IntDigs>0</IntDigs>
			<FractDigs>0 </FractDigs>
			<IFlags>1</IFlags>
			<IParams></IParams>
			<MinVal></MinVal>
			<MaxVal></MaxVal> 
			<UTFlags>1</UTFlags>
			<UType>1</UType>
		</Field>
		<Field>
			<Name>SEATSOCC_B</Name>
			<SQLType>42</SQLType>
			<ABAPType>32</ABAPType>
			<TrexType>73</TrexType>
			<MdrsType>0</MdrsType>
			<Constr>1</Constr>
			<Offset>36</Offset>
			<Length>4</Length>
			<Scale>0</Scale>
			<OrdPos>11</OrdPos>
			<IdxInGrp>0</IdxInGrp>
			<Collat></Collat>
			<HasDefVal>1</HasDefVal>
			<DefVal>0</DefVal>
			<FieldId>212</FieldId> 
			<AttrType>AttributeType[INTEGER]</AttrType> 
			<Group></Group>
			<IntDigs>0</IntDigs>
			<FractDigs>0 </FractDigs>
			<IFlags>1</IFlags>
			<IParams></IParams>
			<MinVal></MinVal>
			<MaxVal></MaxVal> 
			<UTFlags>1</UTFlags>
			<UType>1</UType>
		</Field>
		<Field>
			<Name>SEATSMAX_F</Name>
			<SQLType>42</SQLType>
			<ABAPType>32</ABAPType>
			<TrexType>73</TrexType>
			<MdrsType>0</MdrsType>
			<Constr>1</Constr>
			<Offset>40</Offset>
			<Length>4</Length>
			<Scale>0</Scale>
			<OrdPos>12</OrdPos>
			<IdxInGrp>0</IdxInGrp>
			<Collat></Collat>
			<HasDefVal>1</HasDefVal>
			<DefVal>0</DefVal>
			<FieldId>213</FieldId> 
			<AttrType>AttributeType[INTEGER]</AttrType> 
			<Group></Group>
			<IntDigs>0</IntDigs>
			<FractDigs>0 </FractDigs>
			<IFlags>1</IFlags>
			<IParams></IParams>
			<MinVal></MinVal>
			<MaxVal></MaxVal> 
			<UTFlags>1</UTFlags>
			<UType>1</UType>
		</Field>
		<Field>
			<Name>SEATSOCC_F</Name>
			<SQLType>42</SQLType>
			<ABAPType>32</ABAPType>
			<TrexType>73</TrexType>
			<MdrsType>0</MdrsType>
			<Constr>1</Constr>
			<Offset>44</Offset>
			<Length>4</Length>
			<Scale>0</Scale>
			<OrdPos>13</OrdPos>
			<IdxInGrp>0</IdxInGrp>
			<Collat></Collat>
			<HasDefVal>1</HasDefVal>
			<DefVal>0</DefVal>
			<FieldId>214</FieldId> 
			<AttrType>AttributeType[INTEGER]</AttrType> 
			<Group></Group>
			<IntDigs>0</IntDigs>
			<FractDigs>0 </FractDigs>
			<IFlags>1</IFlags>
			<IParams></IParams>
			<MinVal></MinVal>
			<MaxVal></MaxVal> 
			<UTFlags>1</UTFlags>
			<UType>1</UType>
		</Field>
		<Field>
			<Name>$trexexternalkey$</Name>
			<TrexType>83</TrexType>
			<FieldId>1</FieldId> 
			<AttrType>AttributeType[STRING]</AttrType> 
			<Group></Group>
			<IntDigs>0</IntDigs>
			<FractDigs>0 </FractDigs>
			<IFlags>17</IFlags>
			<IParams></IParams>
			<MinVal></MinVal>
			<MaxVal></MaxVal> 
			<UTFlags>0</UTFlags>
			<UType>0</UType>
		</Field>
		<Field>
			<Name>$trex_udiv$</Name>
			<TrexType>73</TrexType>
			<FieldId>5</FieldId> 
			<AttrType>AttributeType[INTEGER]</AttrType> 
			<Group></Group>
			<IntDigs>0</IntDigs>
			<FractDigs>0 </FractDigs>
			<IFlags>16385</IFlags>
			<IParams></IParams>
			<MinVal></MinVal>
			<MaxVal></MaxVal> 
			<UTFlags>0</UTFlags>
			<UType>0</UType>
		</Field>
		<Field>
			<Name>$rowid$</Name>
			<TrexType>66</TrexType>
			<FieldId>7</FieldId> 
			<AttrType>AttributeType[FIXED]</AttrType> 
			<Group></Group>
			<IntDigs>18</IntDigs>
			<FractDigs>0 </FractDigs>
			<IFlags>134217745</IFlags>
			<IParams></IParams>
			<MinVal></MinVal>
			<MaxVal></MaxVal> 
			<UTFlags>0</UTFlags>
			<UType>0</UType>
		</Field>
	</AllAttrs>
</Table>
